,,,,,,,,,,,,,,,,,,
,,,✱ COMPETITOR MATRIX,,,DATE ▶︎,23rd September 2025,,,,,,,,,,,
,,,,,,,,,,,,,,,,,,
,✷ PREPARED BY  →  HARNAIK CHAHAL                                                                                                                                                                                                           ,,,,,,,,,,,,,,,,,
,,,,,,,,,,,,,,,,,,
,,,,,,,,,,,,,,,,,,
,,,,,,,,,,,,,,  ⌦ SOCIAL MEDIA LINKS,,,,
,  ✷  NO.,  ✷  NAME,,  ✦  WEBSITE,,,  ✦  YEAR FOUNDED,,  ✦  TYPE,,  ✦  PRICING,  ✦  NOTES,,  ✦  LINKEDIN,,  ✦  TWITTER / X,,  ✦  INSTAGRAM
,1,Peec AI,,https://peec.ai,,,2025,,LLM monitoring,,€89 • €199 • €499+ /mo,Berlin-based GEO platform,,https://www.linkedin.com/company/peec-ai,,,,
,2,Scrunch AI,,https://scrunchai.com/,,,2023 / 2025,,LLM monitoring,,"$300 • $500 • $1,000 /mo; Enterprise custom",Founded 2023; launched Nov 2024; Series A Jul 2025,,linkedin.com/company/scrunchai,,,,
,3,ZipTie.dev,,https://ziptie.dev,,,2024,,AI Overviews + LLM tracker,,Basic from $179/mo; 14‐day free trial; tiers incl. Business/Agency/Enterprise,Early AIO tracker; multi-country coverage,,https://www.linkedin.com/company/ziptiedev,,https://x.com/ziptiedev,,
,4,Waikay,,https://waikay.io,,,2024,,GEO + prompt tracking,,Starter $19.95 • Expert $69.95 • Agency $199.95 /mo; Free plan available,InLinks subsidiary; launched publicly 2024,,https://uk.linkedin.com/company/waikay,,https://x.com/Waikay_X,,
,5,BrandPeek,,https://brandpeek.ai,,,2025,,AI visibility tracker,,Free $0; Starter $25; Growth $90; Scale $350 /mo,Founding date published in site metadata,,https://www.linkedin.com/company/brandpeek,,,,
,6,xSeek,,https://xseek.io/,,,2025,,LLM monitoring / GEO tool,,Basic $29.99; Pro $59.99; Enterprise custom /mo; 7‐day trial,Positioned as AI search/LLMO tool focused on tracking & optimization.,,,,,,
,7,Trakkr,,https://trakkr.ai/,,,2025,,LLM monitoring,,Free; Growth $79/mo; Scale $399/mo; annual discounts,"Focus on daily monitoring, presence/visibility scoring & dashboards.",,,,,,
,8,Prompttracker,,https://prompttracker.io/,,,2025,,LLM monitoring,,Lite €89→€59; Growth €199→€139 (beta promo); annual discounts,"Tracks prompts, mentions, citations; multi‚Äëcountry coverage.",,,,,,
,9,Knowatoa,,https://knowatoa.com,,,2025,,AI rank tracking,,"Free tier; Paid plan(s) w/ add‐ons (e.g., $299 onboarding); pricing page present",Docs and reviews active mid‚2025,,https://www.linkedin.com/company/knowatoa,,,,
,10,Essio,,https://www.essio.ai,,,2025,,AI Research analytics,,"Basic/Premium/Agency tiers; pricing not public on site; 3rd‐party lists $49/$129/mo, Enterprise custom","Privacy/Terms dated Mar 9, 2025",,,,,,
,11,AI Monitor,,https://getaimonitor.com/,,,2025,,GEO / AI visibility platform,,Pricing not published; contact sales,Homepage + profiles confirm GEO focus and engines covered,,https://www.linkedin.com/company/get-ai-monitor,,,,
,12,AppearOnAI,,https://appearonai.com/,,,2025,,AI visibility platform,,Pro from $97/mo; claims 'from $29' in blog; Agency $497/mo; Enterprise custom,Launched 2025; PH listing + site docs,,https://www.linkedin.com/company/appearonai,,https://twitter.com/AppearOnAI,,
,13,Rankshift,,https://www.rankshift.ai/,,,2025,,AI visibility tracker,,Credit-based; entry ~€49/mo; free 30‐day trial; higher tiers available,Public site + blog + LI confirm multi‚engine monitoring,,https://www.linkedin.com/company/rankshift-ai,,,,
,14,Scope,,https://scopeforai.com/,,,2025,,LLM visibility tracker,,Free $0; Pro $99/mo (or $950.40/yr); Enterprise custom,Shows brand appearance in ChatGPT/Perplexity answers; visibility scores & competitor compare (PH).,,,,,,
,15,ALLMO,,https://www.allmo.ai/,,,2025,,AI visibility management,,Starter €30/mo; Growth €90/mo; credits-based,"Measures & optimizes visibility across leading AI platforms; Share of Voice, position, gaps.",,,,,,
,16,AI SEO Tracker,,https://aiseotracker.com/,,,2025,,LLM visibility tracker,,Starter $17.25→$69; Pro $62.25→$249 /mo (promo WELCOME75),Shows where your brand appears in ChatGPT/Claude/Perplexity; brand/competitor analysis.,,,,,,
,17,Ansehn,,https://www.ansehn.com/,,,2025,,AI search optimization/monitoring,,Pricing not public,Monitors major AI platforms; competitor mentions; prompt-level tracking; LLMs.txt guidance.,,,,,,
,18,Azoma,,https://www.azoma.ai/,,,2025,,GEO platform,,Enterprise custom; priced by SKUs/LLMs/markets,"Complete AI search visibility; tracks how products appear across ChatGPT, Perplexity, Gemini, Rufus; alerts.",,,,,,
,19,LLMo Metrics,,https://www.llmometrics.com/,,,2025,,LLM analytics,,€80 • €245 • €690 /mo; 10% off annual; 2‐week free trial,"Tracks citations and brand presence across ChatGPT, Gemini, Perplexity, Copilot; optimization insights.",,,,,,
,20,Yext Scout,,https://www.yext.com/platform/scout,,,2025,,Brand visibility agent,,Part of Yext platform; pricing bundled by package; not listed for Scout,"Monitors visibility & sentiment across AI search (ChatGPT, Gemini, Perplexity, Grok) + Google; recommendations.",,,,,,
,21,AEO Checker,,https://aeochecker.ai/,,,2025,,AEO checker,,"Lite ~$270/mo (annual) for 3,500 credits; higher tiers not public",Analyzes content‚Äôs visibility for AI chatbots and LLM search engines.,,,,,,
,22,Kai Footprint,,https://www.kaifootprint.com,,,2025,,AI brand analytics,,Pricing not public; Book a demo,SMB/agency friendly; demo-driven,,https://www.linkedin.com/company/kaifootprint,,https://twitter.com/KaiFootprint,,
,23,Geordy,,https://geordy.ai,,,2025,,GEO optimization (adjacent),,Free plan + Pro/Business/Enterprise; pricing not public,Launched publicly 2025,,https://www.linkedin.com/company/geordy,,,,
,24,Promptmonitor,,https://www.promptmonitor.io,,,2025,,GEO visibility tracker,,Starter $29; Lite $89; Pro $249 /mo; 7‐day trial,Low cost SaaS; active 2025,,,,https://x.com/promptmonitor,,
,25,"BrandRadar 
(Roar Global)",,https://www.brandradar.ai/,,,2025,,LLM monitoring,,Free $0; Startup $99; Growth $399; Scale $999 /mo,Enterprise GEO platform,,,,,,
,26,Otterly AI,,https://otterly.ai,,,2024,,LLM monitoring,,Lite $29; Standard $160; Premium $422 /mo; Enterprise available,Founded by Thomas Peham,,https://www.linkedin.com/company/otterly-ai,,,,
,27,Gumshoe AI,,https://gumshoe.ai,,,2024,,LLM monitoring,,Free first report; $0.10 per conversation PAYG; Enterprise custom,Raised $2M pre-seed in 2025,,https://www.linkedin.com/company/gumshoe-ai,,,,
,28,Profound,,https://tryprofound.com,,,2023,,LLM monitoring,,Lite $499/mo (annual); enterprise options; contact for custom,Enterprise AEO/GEO analytics,,https://www.linkedin.com/company/profoundai,,https://twitter.com/tryprofound,,
,29,GenRank,,https://genrank.io,,,2025,,LLM monitoring,,$149+/mo (pricing page); Free plan available.,Free plan available,,,,,,
,30,Brandlight,,https://brandlight.ai,,,2024,,LLM monitoring,,Pricing not public (venture-backed; enterprise).,Raised $5.75M seed in 2025,,https://www.linkedin.com/company/brandlightai,,,,
,31,AIclicks,,https://aiclicks.io,,,,,LLM monitoring,,Starter $39 • Pro $89 • Business $189 /mo.,,,https://www.linkedin.com/company/aiclicks,,,,
,32,RankScale,,https://rankscale.ai,,,,,LLM monitoring,,"Credit-based; Essential ~$20/mo, Pro ~$99/mo (per published reviews).",,,https://www.linkedin.com/company/rankscale-ai-seo,,,,
,33,XFunnel,,https://www.xfunnel.ai,,,2024,,LLM monitoring,,Contact sales; third-party reviews indicate ~$119-$197/mo.,Focus on conversion from AI platforms,,https://www.linkedin.com/company/xfunnel-ai,,,,
,34,Am I on AI?,,https://www.amionai.com,,,2025,,LLM monitoring,,Single plan $100/mo; agency pricing available.,ARR disclosed publicly by founder,,https://www.linkedin.com/company/am-i-on-ai,,,,
,35,AthenaHQ,,https://athenahq.ai,,,2025,,LLM monitoring,,"Credits-based (3,500 / 8,000 / custom); external reviews cite ~$295-$499/mo.",YC W25; raised ~$2.2M seed,,https://www.linkedin.com/company/athena-hq,,,,
,36,Geostar,,https://www.geostar.ai,,,2024,,LLM monitoring / GEO services,,Tool access ~$299/mo; also Lite/Enterprise/Full-Service; contact for details.,YC/PearX 2025; agency+platform,,https://www.linkedin.com/company/geostar-ai,,,,
,37,Qwairy,,https://www.qwairy.co,,,2025,,LLM monitoring,,Free; Starter €59; Growth €99; Business €449 /mo.,,,https://www.linkedin.com/company/qwairy,,,,
,38,Cognizo,,https://www.cognizo.ai,,,2025,,LLM monitoring,,Starter $499/mo; Pro & Enterprise available.,,,https://www.linkedin.com/company/cognizo,,,,
,39,Limy AI,,https://limy.ai,,,2024,,LLM monitoring,,Pricing not public; Book a demo.,a16z speedrun cohort,,https://www.linkedin.com/company/limyai,,,,
,40,Nimt AI,,https://nimt.ai,,,2025,,LLM monitoring,,3P listings: Starter $79 • Pro $179 /mo; official site shows tiered pricing (no numbers).,,,,,,,
,41,Gauge,,https://www.withgauge.com,,,2024,,LLM/AEO analytics (benchmarks),,"Starting at ~$499/mo (resource), enterprise packages available.",YC S24,,https://www.linkedin.com/company/withgauge,,,,
,42,Relixir,,https://relixir.ai,,,2025,,LLM monitoring / GEO platform,,Pilot & enterprise programs; pricing not publicly listed.,YC X25,,https://www.linkedin.com/company/relixir,,,,
,43,Bear AI,,https://bearai.co,,,2025,,LLM monitoring / GEO,,Pricing not public; request demo.,YC F25,,https://www.linkedin.com/company/bear-ai,,,,
,44,Bluefish,,https://www.bluefishai.com/,,,2025,,SEO + GEO suite,,Quote-based; custom enterprise pricing.,"Daily AIO detection since June 2024; unified AI+SEO dashboard (brand mentions, citations, sentiment)",,,,,,
,45,SEOmonitor,,https://www.seomonitor.com/ai-search-tracking-software/,,,2024,,Enterprise SEO suite,,SEOmonitor platform from €99+/mo; AI Search Tracking included in suite.,Detailed AIO tracking launched late 2024; added AI bot activity tracking in 2025,,https://www.linkedin.com/company/seomonitor-application,,https://x.com/seomonitor,,
,46,seoClarity,,https://www.seoclarity.net/ai-overviews-tracking,,,2024,,AIO tracker,,Pricing based on domains & keywords; talk to sales (G2 lists from ~$300/mo).,AIO tracking + scraper/analysis,,https://www.linkedin.com/company/seoclarity,,https://x.com/seoClarity,,
,47,LLM SEO Report,,https://llmseoreport.com/,,,2025,,LLM monitoring (quick reports),,"Freemium; sources cite free basic, paid from ~$29/mo (varies).",Simple brand visibility checkers and reports.,,,,,,
,48,LLM Optimize,,https://llmoptimize.app/,,,2024,,LLM monitoring + audits,,Pricing not public; private beta / contact.,Like Ahrefs for LLM Optimization‚ AI audits + tracking.,,,,,,
,49,Superlines,,https://www.superlines.io/,,,2025,,GEO suite with monitoring,,Starter ~$19/mo; Pro ~$49/mo; Enterprise custom (3P listings).,Product Hunt page spells out multi AI-engine visibility tracking.,,,,,,
,50,AIProfiles,,https://www.aiprofiles.co.uk/,,,2025,,AEO readiness (adjacent),,Directory/profiles tool; pricing not clearly listed (likely free/POA).,Builds LLMS.txt & schema to improve chance of inclusion in AI answers; not a tracker but relevant to AEO.,,,,,,
,51,Frictionless,,https://frictionlesshq.com/,,,2025,,AI auditing suite (includes GEO audits),,Lite $9.99/mo; higher tiers $39-$124/mo (3P listings).,Covers AEO/GEO auditing with competitor analysis; not a continuous tracker but adjacent.,,,,,,
,52,Conversation Rank (Octolens),,https://octolens.com/conversation-rank,,,2025,,Reddit signal tracker (adjacent),,Plans seen $19-$319/mo across listings; Conversation Rank feature included.,Free metric showing Reddit footprint that influences AI citations.,,,,,,
,53,"Wix 
AI Visibility Overview",,https://www.wix.com/studio/ai-search-lab/best-tools-to-track-brand-visibility-in-ai-search,,,2025,,CMS-integrated visibility module,,Resource hub (content/research); not a priced product.,Part of Wix Studio‚ AI Search Lab; helpful for Wix sites; not a standalone SaaS.,,,,,,
,54,"Thruuu
AI Overview Tracker",,https://thruuu.com/learn/monitor-visibility-ai-overviews/,,,2025,,Rank tracker + AIO,,Thruuu plans: Free; Starter $13; Pro $33; Agency $66 /mo (AIO tracker via SERP Analyzer).,AIO feature live mid 2025; ongoing research posts,,https://www.linkedin.com/company/thruuu,,https://x.com/thruuu_seo,,
,55,"AccuRanker
AIO",,https://www.accuranker.com/help/overview/ai-overview-page/,,,2025,,SEO suite + AIO flag,,"Pricing by keywords; 1,000 keywords ≈ $116/mo (annual -10%).",AIO presence tag since Oct 2024; expanded 2025,,https://www.linkedin.com/company/accuranker/,,https://x.com/AccuRanker,,
,56,"Serpstat
AIO identification",,https://serpstat.com/blog/google-ai-overview/,,,2024,,Rank tracker + AIO,,Individual $50/mo; Team $100/mo+; AIO features part of suite.,Rank Ranger acquired; AIO tracking added Aug 2024,,https://www.linkedin.com/company/serpstat/,,,,
,57,Similarweb Rank Tracker (incl. Rank Ranger),,https://www.similarweb.com/blog/updates/product-updates/rank-tracker-aio/,,,2024,,SEO suite,,Talk to sales; Starter plan reported ~$199-$399/mo (3P).,New chatbot visibility index and AIO features H1 2025,,https://www.linkedin.com/company/similarweb,,https://x.com/Similarweb,,
,58,"SISTRIX
AIO & chatbot visibility",,https://www.sistrix.com/changelog/track-ai-overviews-with-sistrix-across-all-countries/,,,2025,,Enterprise SEO + AI visibility,,Start €119; Plus €239; Pro €419; Premium €799 /mo.,Press & reviews in June‚ July 2025 confirm launch,,https://www.linkedin.com/company/sistrix,,https://x.com/sistrix,,
,59,"Conductor
AI Search Performance",,https://www.conductor.com/academy/ai-visibility-overview/,,,2025,,Enterprise SEO + research,,Custom/quote-based enterprise pricing within Conductor platform.,Publishes ongoing AIO & ChatGPT analyses; productized tracking not clearly public,,https://www.linkedin.com/company/conductor-inc/,,https://x.com/Conductor,,
,60,BrightEdge,,https://www.brightedge.com/ai-overviews,,,2024,,Public tracker (B2B),,Custom/quote-based enterprise pricing; no public self-serve tiers.,Interactive tracker (not a full suite),,https://www.linkedin.com/company/brightedge/,,,,
,61,"PAN Communications
B2B AIO Tracker",,https://www.pancommunications.com/ai-overview-tracker/,,,2025,,Standalone AIO tracker,,Free tool for B2B marketers (no paid tiers published).,"Independent tracker, multi‚region support",,https://www.linkedin.com/company/pan-communications/,,,,
,62,AIOverviewTracker.com,,https://aioverviewtracker.com/,,,2024,,LLM monitoring,,Affiliate landing pointing to SE Ranking; pricing per SE Ranking (from ~£95/mo Pro).,,,,,,,
,63,ProductRank,,https://productrank.ai,,,2025,,AI product rankings,,No public pricing; appears as AI rankings directory/insights.,,,,,,,
,64,"Ahrefs 
Brand Radar",,https://ahrefs.com/brand-radar,,,2025,,SEO suite add-on,,Add-on $199/index or $699/mo All Platforms; requires an Ahrefs paid plan.,Ahrefs add on,,https://www.linkedin.com/company/ahrefs,,https://twitter.com/ahrefs,,
,65,"Semrush 
AI Overviews Tracking",,https://www.semrush.com/blog/google-ai-overviews-tracking/,,,2024,,SEO suite add-on,,"Semrush plans: Pro $117.33, Guru $208.33, Business $416.66 (annual billing). AI visibility features available within platform; free checker also available.",Shipped Sept 2024; AR generator 2025,,https://www.linkedin.com/company/semrush,,https://twitter.com/semrush,,
,66,Nightwatch,,https://nightwatch.io/,,,2025,,SEO rank tracker,,Public tiers ~$19-$699/mo depending on tracked keywords; AI tracking within platform tiers.,Beta announced Jan 2025,,https://www.linkedin.com/company/nightwatch-,,,,
,67,Surfer,,https://surferseo.com/,,,2025,,SEO suite,,"AI Tracker add-on: $95/mo (25 prompts), $195/mo (100), $495/mo (300). 5 prompts included in Scale plan.",Launched July 2025,,https://www.linkedin.com/company/surferseo,,https://twitter.com/SurferSEO,,
,68,SE Ranking,,https://seranking.com/chatgpt-visibility-tracker.html,,,2024,,SEO suite,,AI Overviews/ChatGPT visibility available in plans: Pro from ~£95/mo; Business from ~£209/mo.,Research live mid 2024; productized later. Official feature page describes AI visibility tracking introduced in 2025.,,https://www.linkedin.com/company/se-ranking,,https://twitter.com/seranking,,
,69,AI Visibility Rank,,https://visibilityrank.ai/,,,2025,,AI visibility rank tracker / market research,,Credit packs starting $40 one‐time for 20 credits; pay‐per‐search model.,Product Hunt page lists as launched 2025; site describes AI rankings across models.,,,,,,
,70,Rank Prompt,,https://rankprompt.com/,,,2025,,AI visibility platform (AEO),,"Starter $29/mo (150 credits), Pro $89/mo (500), Agency $149/mo (1000).",Company site + LinkedIn company profile; covered in recent news/blog reviews.,,https://www.linkedin.com/company/rankprompt,,,,
,71,SnowSEO,,https://snowseo.com/,,,2025,,All-in-one SEO + AI visibility tracking,,Pricing not clearly published on site; third‐party lists $79 one‐time vs $59-$129/mo. Verify with vendor.,Product Hunt description + website indicate AI visibility/AI‚SEO focus.,,,,,,
,72,SearchAtlas,,https://searchatlas.com/,,,2025,,SEO suite,,Core plans widely cited at $99-$399/mo; add sites at $69/mo each (per help docs).,"Event debut Sept 26, 2025",,https://www.linkedin.com/company/linkgraph,,,,
,73,Authoritas,,https://www.authoritas.com/,,,2024,,SEO suite,,Public listings show £99-£799/mo with free trial; enterprise/custom available.,"AIO tracking announced Oct 29, 2024",,https://www.linkedin.com/company/authoritas,,https://twitter.com/authoritas,,
,74,"Keyword.com
AI Visibility",,https://keyword.com/pricing-ai-visibility/,,,2025,,SEO suite add-on,,AI Visibility: credit-based; starts ~$24.50/mo for 50 credits (review). Core plans also offered (see pricing page).,Founded 2011; AIO add-ons in 2025,,https://www.linkedin.com/company/keyworddotcom,,https://twitter.com/keywordcom,,
,75,"Writesonic
GEO/AEO",,https://writesonic.com,,,2025,,GEO platform,,Plans from $39/mo (pricing page); docs list Lite $49→Advanced $499; Enterprise custom.,YC S21; GEO tracking in 2025,,https://www.linkedin.com/company/writesonic,,https://twitter.com/writesonic,,
,76,"HubSpot
AI Search Grader",,https://www.hubspot.com/aeo-grader,,,2025,,Free grader,,Free AEO (AI Engine Optimization) Grader tool.,"Launched Feb 26, 2025",,https://www.linkedin.com/company/hubspot,,https://twitter.com/HubSpot,,
,77,Indexly,,https://indexly.ai,,,2024,,Entity/index visibility,,Solo $14 • Team $39 • Business $79 • Agency $129 /mo.,,,https://www.linkedin.com/company/indexly,,,,
,78,Brand24,,https://brand24.com/ai-visibility/,,,,,Social listening,,Brand24 platform from $199/mo monthly ($149/mo annual) for Individual; Team $299/mo monthly ($249/mo annual). AI Visibility included.,Not an LLM monitor; adjacent,,https://www.linkedin.com/company/brand24-s-a,,https://twitter.com/brand24,,
,79,Visualping,,https://visualping.io,,,,,Change monitoring,,Free tier; paid plans unlock faster (2‐min) checks and higher limits; see pricing page.,Adjacent utility,,https://www.linkedin.com/company/visualping-io,,https://twitter.com/visualping_io,,
,80,Morningscore,,https://morningscore.io,,,2025,,AI Overviews tracker inside SEO suite,,Lite $49 • Business $69 • Pro $129 • Premium $259 /mo; AI Overviews tracker available.,Public AIO tracker landing page; product & community posts reference ChatGPT tracking,,https://www.linkedin.com/company/morningscore,,,,
,81,Langfuse,,https://langfuse.com,,,2022,,LLM app telemetry (not brand),,Cloud: Pro $29/mo; Scaling $199/mo. Self‐host OSS free; Enterprise available.,Not brand/AEO; platform telemetry,,https://www.linkedin.com/company/langfuse,,https://twitter.com/langfuse,,
,82,Model Monitor,,https://modelmonitor.ai,,,,,LLM model monitoring (not brand),,Pro $49/mo (annual billing); Agency custom; Enterprise available.,Not AEO/brand,,,,,,
,83,Avenue Z,,https://avenuez.com,,,,,Agency,,Agency services; pricing custom (contact for quote).,Services; not a dedicated tool,,https://www.linkedin.com/company/avenue-z,,,,
,84,Chosenly,,https://chosenly.com,,,,,Unknown,,"Self‐serve from $400/mo; White‐Glove Implementation $4,000/mo; 25% off annually; agency custom.",--,,,,,,
,85,Anvil,,https://www.joinanvil.com,,,2017,,LLM Monitoring,,Anvil AI Search platform: Basic $99/mo; Starter $249/mo; higher tiers available.,"Monitors how brands appear across ChatGPT, Gemini, Claude; tracks trends & competitor mentions (PH).",,https://www.linkedin.com/company/anvilapp,,,,
,86,LLMRefs,,https://llmrefs.com,,,,,Reference index / directory,,Pricing not public on site; third‐party listings mention paid tiers; contact sales.,Curated LLM references,,,,,,
,87,Mentions.so,,https://mentions.so,,,2025,,LLM visibility (early),,Pricing not publicly listed; 'pricing that scales' with tracked prompts/sites; contact sales.,Early-stage / waitlist,,https://www.linkedin.com/company/mentions-so,,,,
,88,ReachLLM,,https://reachllm.com,,,,,LLM marketing,,Plus $29/mo; Pro $149/mo (third‐party listings); site not explicit-verify with vendor.,--,,,,,,
,89,Sellm,,https://sellm.io,,,,,GEO/brand monitor,,Basic $29/mo (early-bird) • Pro $119/mo; Free trial available.,,,,,,,
,90,AnswerRank,,https://answerrank.ai,,,2025,,LLM Monitoring,,$449/mo plan shown on pricing page.,--,,,,,,
,91,Radix,,https://www.tryradix.com,,,2025,,AI visibility platform,,Pricing not public; book a demo / interactive demo.,Interactive demo,,https://www.linkedin.com/company/tryradix,,,,
,92,RanksPro,,https://www.rankspro.io,,,2025,,SEO toolkit,,Solo $10 • Pro $19 • Elite $39 /mo; AI Overview Tracker add‐on $12/mo.,Shipped AIO tracker in 2025,,https://www.linkedin.com/company/rankspro-io,,,,
,93,Goodie,,https://www.higoodie.com,,,,,AI search optimization & visibility platform,,Pricing not public; enterprise‐oriented (contact).,Feature pages + LinkedIn confirm monitoring and optimization capabilities.,,https://www.linkedin.com/company/goodie-ai,,,,
,94,Evertune,,https://evertune.ai,,,2025,,LLM monitoring,,Pricing not public; book a demo.,Announced Jan 2025,,,,,,
,95,Quno AI,,https://quno.ai,,,,,LLM monitoring,,3P listing cites ~$39/mo; site does not publish pricing (verify with vendor).,--,,,,,,
,96,Atomic AGI,,https://atomicagi.com,,,,,LLM / SEO suite,,Free $0; Starter $10/mo; higher tiers available.,,,,,,,
,97,BrandRank.ai,,https://brandrank.ai,,,2024,,LLM monitoring / research,,Pricing not public; G2 shows no pricing provided.,,,https://www.linkedin.com/company/brandrank-ai,,,,
,98,ChatRank.ai,,https://chatrank.ai,,,,,LLM visibility,,Core $249 • Plus $499 • Pro $999 /mo.,,,,,,,
,99,Gauge,,https://withgauge.com,,,2024,,LLM monitoring,,"Starting at ~$499/mo (resource), enterprise packages available.",YC S24,,https://www.linkedin.com/company/withgauge,,,,
,100,Cognizo,,https://cognizo.ai,,,2025,,LLM monitoring,,Starter $499/mo; Pro & Enterprise available.,--,,https://www.linkedin.com/company/cognizo,,,,
,101,Daydream,,https://www.withdaydream.com,,,,,SEO/AI services,,Services/agency; pricing custom (no public self‐serve).,Services-first,,https://www.linkedin.com/company/withdaydream,,,,
,102,Hall,,https://usehall.com,,,2023,,AI visibility / assist,,Free tier + paid plans; pricing page does not list numbers.,Early playbooks; small team,,https://www.linkedin.com/company/usehall,,,,
,103,Omnia Analytics,,https://useomnia.com,,,,,LLM monitoring,,Growth €79 • Pro €279 • Enterprise from €499 /mo.,--,,,,,,
,104,Algomizer (Gix),,https://www.algomizer.com,,,2024,,LLM monitoring,,Pricing custom; request proposal within 48h.,Legacy adtech,,https://www.linkedin.com/company/algomizer-ltd,,,,
,105,Advanced Web Ranking (AWR),,https://www.advancedwebranking.com/ai-brand-visibility,,,2025,,SEO rank tracker with AIO tracking,,Uses AWR plans: Pro $99 • Agency $199 • Enterprise $499 • Custom 50k $700 /mo.,AIO tracking enabled in AWR projects; docs + blog confirm AIO support,,https://www.linkedin.com/company/advanced-web-ranking,,https://x.com/awebranking,,
,106,Nozzle,,https://nozzle.io/,,,2024,,Enterprise rank tracker (AIO monitoring),,"Plans from $59 to $5,999 (G2); see pricing page.",Detailed AIO analysis features showcased in product updates & videos,,https://www.linkedin.com/company/nozzle,,,,
,107,"Wincher
AIO tracking",,https://www.wincher.com/,,,2025,,SEO rank tracker with AIO support,,Public tiers; ~$49-$319/mo; free trial available.,Company announcement indicates AIO tracking,,https://www.linkedin.com/company/wincher,,,,
,108,DAXRM Rank Tracker,,https://www.daxrm.com/integrations/rank-tracker/,,,2025,,Agency CRM with rank tracker + AIO support,,"Rank Tracker: free up to 250 keywords; +$10/mo add-on for +1,000 keywords.",Product page & press note AIO support inside rank tracker,,,,,,
,109,First Answer,,https://firstanswer.ai/,,,2025,,Dedicated GEO / AI visibility platform,,Start $39/mo • Launch $89/mo • Growth $189/mo; free trial.,Launched publicly Aug 2025 (Product Hunt/press); focuses on GEO workflows,,,,,,
,110,Propensia GEO,,https://www.propensia.ai/geo,,,2025,,GEO services + platform,,Free plan (3 GEO audits/mo); paid tiers exist but not publicly priced.,Positioned as AI visibility/GEO solution; active on LinkedIn,,,,,,
,111,"AI Rank Trackers 
Community Tool",,https://www.airanktrackers.com/,,,2025,,Open tool (API-key based),,Free tool; bring your own LLM API keys; no paid plans listed.,Lightweight weekly-run tracker; requires user API keys,,,,,,
,112,Asva AI,,https://asvaai.com/,,,2025,,Dedicated GEO / AI visibility platform,,Pricing not public; request demo/agency engagement.,Featured in Economic Times; GEO-focused platform,,https://www.linkedin.com/company/asva-ai,,,,
,113,Siftly,,https://siftly.ai/,,,2025,,Dedicated GEO / AI visibility platform,,Pricing not public (no numbers on site).,GEO buyer guides & case claims; early-stage platform,,https://www.linkedin.com/company/siftly-ai,,,,
,114,Geneo,,https://geneo.app/,,,2025,,Dedicated GEO / AI visibility platform,,"Custom pricing; blog cites ~$2,000-$13,000/mo depending on scale; free trial.",GenAI-first architecture; competitive with Athena/ZipTie/Peec,,,,,,
,115,AirOps AI Visibility,,https://www.airops.com/visibility,,,2025,,AI visibility module (suite),,Solo $0; paid plans custom (site). Blog posts mention Pro from ~$199/mo.,Answer Engine Visibility hub + free diagnostic,,https://www.linkedin.com/company/airops,,https://x.com/airops,,
,116,"Moz Pro
AI Overviews tracking",,https://moz.com/,,,2025,,SEO suite + AIO flag,,Moz Pro $99-$599/mo; free trial available.,Multiple third party reviews note AIO tracking in 2025,,https://www.linkedin.com/company/seo-moz,,https://x.com/Moz,,
,117,DareAISearch,,https://dareaisearch.com/,,,2025,,GEO / AI visibility platform,,Agency/service; pricing quote-based (no public numbers).,Positions itself as 'world's first GEO solution'; launch posts in 2025,,,,,,
,118,SearchScore.ai,,https://searchscore.ai/,,,2025,,Free AI search visibility checker,,Free AI visibility/readiness checker; no paid pricing listed.,Free checker + newsletter with weekly benchmarks,,,,https://www.instagram.com/searchscore.ai/,,
,119,"AEOandSEO.Agency 
(Rank By AI)",,https://aeoandseo.agency/,,,2025,,Agency (AEO + SEO),,AI Visibility Audit advertised at $99; page shows limited-time $49 CTA.,Sells AI Ranking Audit / AI Visibility Audit service package,,,,https://www.instagram.com/ranked_by_ai/,,
,120,Rankability AI Analyzer,,https://www.rankability.com/products/ai-analyzer/,,,2025,,AI search intelligence / GEO suite,,Bundled within Rankability; core plans from $124/mo; Analyzer access on higher tiers.,Productized AI visibility module,,https://www.linkedin.com/company/rankability/,,,,
,121,"Geoptie
GEO Dashboard",,https://geoptie.com/,,,2025,,GEO dashboard,,Open beta free; Free GEO audit; paid tiers not listed yet.,All-in-one GEO dashboard launched mid‚ Sep 2025 (open beta),,,,,,
,122,"Local Falcon 
AIO visibility",,https://www.localfalcon.com/blog/you-can-now-track-your-visibility-in-google-ai-overviews,,,2025,,Local SEO tracker with AIO,,Credit-based plans from $24.99-$199.99/mo; API access $199/mo.,Local rank grid tool added AIO visibility tracking in June 2025,,https://www.linkedin.com/company/local-falcon/,,,,
,123,"Mangools
AI Search Grader",,https://mangools.com/ai-search-grader,,,2025,,SEO suite + AIO flag,,Free tool; Mangools suite from ~$29/mo (annual) / ~$49+ monthly.,Lightweight grader for quick checks,,https://www.linkedin.com/company/mangools/,,https://x.com/mangools_com,,
,,,,,,,,,,,,,,,,,,
,,,,,,,,,,,,,,,,,,
,,,,,,,,,,,,,,,,,,
,   ▶︎ END OF SHEET,,,,,,,,,,,,,,,,,